President of the United States,,,,,,,,,,,,,,,,,
,,Donald J. Trump (I) (Rep),,,,,Joseph R. Biden (Dem),,,,,Jo Jorgensen (Lib),,,,,
County,Registered Voters,Election Day Votes,Advanced Voting Votes,Absentee by Mail Votes,Provisional Votes,Total Votes,Election Day Votes,Advanced Voting Votes,Absentee by Mail Votes,Provisional Votes,Total Votes,Election Day Votes,Advanced Voting Votes,Absentee by Mail Votes,Provisional Votes,Total Votes,Total
01A,0,41,143,56,2,242,160,1638,737,11,2546,3,10,10,1,24,2812
01B,0,79,158,62,1,300,242,1824,895,2,2963,11,16,15,0,42,3305
01C,0,21,20,8,0,49,180,369,165,0,714,4,6,3,0,13,776
01D,0,7,13,13,1,34,24,281,123,3,431,0,2,1,0,3,468
01E,0,40,166,79,0,285,101,1540,775,0,2416,7,19,11,0,37,2738
01F,0,14,12,6,0,32,110,251,108,4,473,2,4,0,0,6,511
01G,0,15,54,15,0,84,131,717,295,0,1143,2,12,3,0,17,1244
01H,0,6,7,3,0,16,64,205,122,1,392,1,0,3,0,4,412
01I,0,0,1,0,0,1,0,0,0,0,0,0,0,0,0,0,1
01J,0,17,42,12,0,71,217,717,333,5,1272,3,9,6,0,18,1361
01P,0,16,7,4,0,27,208,217,171,0,596,3,2,2,0,7,630
01R,0,20,8,5,0,33,202,136,117,5,460,4,2,6,0,12,505
01S,0,20,23,12,0,55,228,484,207,3,922,5,3,2,0,10,987
01T,0,27,26,13,0,66,156,460,180,0,796,6,2,3,0,11,873
02A,0,83,409,170,0,662,137,1713,1087,10,2947,11,25,18,0,54,3663
02A1,0,13,67,6,1,87,25,269,56,1,351,3,4,1,0,8,446
02B,0,8,95,30,2,135,20,753,290,13,1076,3,9,4,2,18,1229
02C,0,23,73,31,5,132,75,676,382,17,1150,2,3,6,0,11,1293
02D,0,92,280,97,0,469,224,1861,1071,2,3158,11,19,11,1,42,3669
02E,0,35,71,34,0,140,94,888,477,0,1459,6,6,4,0,16,1615
02F1,0,39,163,74,2,278,94,1251,741,3,2089,7,19,10,1,37,2404
02F2,0,17,33,11,2,63,41,248,135,0,424,3,2,2,0,7,494
02G,0,82,192,74,0,348,163,1586,745,4,2498,7,20,15,0,42,2888
02J,0,33,81,46,2,162,86,876,428,11,1401,5,16,12,0,33,1596
02K,0,25,89,18,0,132,43,580,298,0,921,3,3,8,0,14,1067
02L1,0,98,372,190,3,663,167,1973,1273,7,3420,11,27,22,0,60,4143
02L1A,0,24,78,9,3,114,72,542,96,4,714,2,4,1,0,7,835
02L2,0,44,140,36,1,221,105,825,375,4,1309,0,5,5,0,10,1540
02S,0,14,17,12,0,43,37,277,132,0,446,3,3,3,0,9,498
02W,0,22,61,21,0,104,48,372,122,0,542,0,2,5,0,7,653
03A,0,10,20,8,1,39,146,379,227,16,768,2,2,2,1,7,814
03B,0,4,6,6,0,16,52,100,60,0,212,3,0,0,0,3,231
03C,0,8,9,9,1,27,147,342,230,5,724,2,6,3,0,11,762
03D,0,0,10,9,0,19,0,217,105,16,338,0,0,0,0,0,357
03E,0,33,22,9,1,65,282,466,219,19,986,4,5,4,2,15,1066
03F,0,44,154,42,0,240,113,773,358,0,1244,1,5,2,0,8,1492
03G,0,6,6,2,0,14,77,138,43,3,261,2,1,0,0,3,278
03H,0,14,15,4,0,33,77,212,97,0,386,1,0,1,0,2,421
03I,0,25,44,13,5,87,95,330,115,11,551,4,6,5,0,15,653
03L,0,10,3,3,0,16,66,96,42,0,204,1,1,0,0,2,222
03M,0,50,33,5,0,88,135,231,86,2,454,4,4,2,0,10,552
03N,0,16,24,6,0,46,228,449,160,16,853,6,5,3,1,15,914
03P1A,0,79,170,62,0,311,224,1331,533,9,2097,10,21,9,0,40,2448
03P2,0,0,0,0,0,0,0,7,0,0,7,0,0,0,0,0,7
03S,0,11,4,5,0,20,94,208,104,0,406,0,0,0,0,0,426
03T,0,14,24,6,0,44,142,490,132,6,770,4,5,2,0,11,825
04A,0,0,11,5,0,16,0,311,163,0,474,0,4,2,0,6,496
04B,0,9,16,7,0,32,117,412,222,0,751,3,3,1,0,7,790
04C,0,1,0,0,0,1,10,27,12,1,50,0,0,0,0,0,51
04D,0,11,17,4,0,32,153,443,202,3,801,4,7,1,0,12,845
04F,0,31,67,13,0,111,175,741,205,3,1124,5,7,3,0,15,1250
04G,0,8,5,5,0,18,113,192,79,0,384,2,1,1,0,4,406
04I,0,13,32,22,1,68,74,446,234,2,756,2,4,3,0,9,833
04J,0,5,2,2,0,9,43,109,19,4,175,0,1,2,0,3,187
04K,0,22,26,16,0,64,184,706,359,6,1255,3,4,3,0,10,1329
04L,0,23,22,15,0,60,154,557,201,3,915,5,1,0,0,6,981
04M,0,4,6,5,0,15,101,153,68,0,322,1,2,0,0,3,340
04S,0,20,16,10,1,47,254,617,310,2,1183,4,6,3,0,13,1243
04T,0,11,21,5,3,40,128,328,161,18,635,2,2,2,1,7,682
04V,0,37,21,10,1,69,349,690,237,2,1278,5,7,2,0,14,1361
04W,0,0,0,1,1,2,57,133,28,6,224,1,0,0,0,1,227
04X1,0,20,29,11,0,60,153,601,273,2,1029,3,1,1,0,5,1094
04X2,0,9,19,2,0,30,53,224,100,0,377,1,6,3,0,10,417
05A1,0,46,122,38,0,206,104,1219,628,0,1951,9,14,8,0,31,2188
05A2,0,37,131,44,2,214,127,1400,627,3,2157,4,17,4,0,25,2396
05B,0,24,27,16,0,67,163,604,269,0,1036,3,5,0,0,8,1111
05C,0,1,3,1,0,5,4,26,8,0,38,1,0,0,0,1,44
05D,0,0,2,0,0,2,2,55,8,0,65,0,0,1,0,1,68
05F,0,5,7,0,0,12,20,83,25,0,128,0,0,0,0,0,140
05J,0,9,25,12,0,46,33,258,126,0,417,2,6,3,0,11,474
05K,0,25,67,24,0,116,135,686,265,0,1086,2,14,6,0,22,1224
06B,0,51,129,42,2,224,65,754,404,2,1225,1,10,3,1,15,1464
06D,0,109,470,314,1,894,273,2052,2048,5,4378,11,21,28,0,60,5332
06D1,0,52,201,43,1,297,55,949,166,1,1171,1,11,5,0,17,1485
06D2,0,16,80,12,0,108,16,308,53,0,377,2,4,3,1,10,495
06E,0,50,153,61,0,264,98,807,419,0,1324,5,8,9,0,22,1610
06F,0,41,206,54,3,304,103,1096,520,2,1721,7,18,9,0,34,2059
06G,0,12,40,13,0,65,14,215,123,0,352,1,3,5,0,9,426
06I,0,92,177,53,3,325,243,1335,540,10,2128,15,15,12,1,43,2496
06J,0,46,198,85,0,329,73,1032,785,0,1890,7,15,8,0,30,2249
06L1,0,24,96,42,0,162,27,364,232,0,623,2,6,2,0,10,795
06L2,0,29,100,30,0,159,18,247,144,1,410,3,0,6,0,9,578
06N,0,54,224,69,0,347,63,443,289,0,795,3,7,11,0,21,1163
06Q,0,7,8,5,1,21,47,210,63,4,324,1,0,1,0,2,347
06R,0,34,157,66,3,260,50,651,391,0,1092,4,6,3,0,13,1365
07A,0,334,1259,426,8,2027,312,1838,1170,14,3334,9,38,19,0,66,5427
07B,0,158,845,277,0,1280,69,602,481,1,1153,5,14,10,0,29,2462
07C,0,163,657,438,0,1258,141,924,869,0,1934,6,7,12,0,25,3217
07D,0,188,821,189,10,1208,185,1226,588,15,2014,10,21,7,0,38,3260
07E,0,46,316,138,3,503,46,613,526,4,1189,4,11,6,0,21,1713
07F,0,157,650,221,20,1048,121,1049,608,8,1786,5,24,6,0,35,2869
07H,0,87,402,132,0,621,59,556,407,0,1022,3,6,3,0,12,1655
07J,0,104,446,149,4,703,118,900,509,6,1533,8,8,11,1,28,2264
07M,0,71,294,86,0,451,109,548,379,0,1036,5,11,4,0,20,1507
07N,0,35,133,54,2,224,97,597,358,5,1057,6,4,5,0,15,1296
08A,0,149,681,236,0,1066,108,794,397,0,1299,5,9,12,0,26,2391
08B,0,131,917,247,1,1296,80,882,481,0,1443,9,23,16,0,48,2787
08C,0,55,490,146,0,691,26,281,199,0,506,0,3,2,0,5,1202
08D,0,36,372,97,12,517,8,190,157,5,360,1,2,6,0,9,886
08E,0,104,739,231,1,1075,51,566,468,0,1085,2,8,11,0,21,2181
08F1,0,102,661,190,2,955,42,523,323,2,890,2,14,5,0,21,1866
08G,0,102,435,199,0,736,100,618,541,2,1261,9,11,11,0,31,2028
08H,0,90,654,224,0,968,42,572,483,0,1097,5,6,1,0,12,2077
08J,0,125,648,177,1,951,106,1075,444,2,1627,11,26,10,0,47,2625
08K,0,54,151,42,0,247,40,330,200,0,570,5,8,6,0,19,836
08L,0,135,603,167,3,908,158,1328,802,6,2294,16,32,23,0,71,3273
08M,0,127,627,182,4,940,70,481,284,0,835,5,9,7,0,21,1796
08N1,0,25,219,73,1,318,11,194,131,2,338,3,10,2,0,15,671
08N2,0,44,271,136,0,451,49,410,294,0,753,2,6,3,0,11,1215
08P,0,39,95,47,1,182,108,607,224,2,941,4,8,4,0,16,1139
09A,0,73,423,95,3,594,148,1357,576,4,2085,11,36,16,0,63,2742
09B,0,3,2,2,0,7,27,80,68,0,175,0,2,0,0,2,184
09C,0,18,37,12,0,67,252,852,469,2,1575,7,5,7,0,19,1661
09D,0,13,17,18,0,48,213,436,290,6,945,5,3,1,0,9,1002
09E,0,26,75,20,2,123,249,928,330,3,1510,12,7,2,0,21,1654
09F,0,113,707,204,2,1026,112,1163,633,1,1909,2,22,16,0,40,2975
09G,0,115,306,113,2,536,186,1396,626,5,2213,7,28,16,1,52,2801
09H,0,16,43,16,0,75,68,390,159,0,617,4,7,3,0,14,706
09I,0,14,16,5,0,35,132,253,174,1,560,3,3,1,0,7,602
09K,0,22,53,12,0,87,251,856,478,7,1592,8,14,5,0,27,1706
09K1,0,10,19,3,0,32,102,308,40,1,451,2,2,0,0,4,487
09M,0,35,201,43,0,279,89,1147,354,0,1590,6,20,8,0,34,1903
10A,0,2,39,18,0,59,25,947,529,3,1504,2,3,8,0,13,1576
10B,0,25,44,24,2,95,215,1473,891,4,2583,5,11,3,0,19,2697
10C,0,19,18,14,0,51,121,698,319,0,1138,5,4,2,0,11,1200
10D,0,44,39,18,12,113,280,1145,554,90,2069,10,9,3,2,24,2206
10E,0,6,18,7,0,31,92,289,182,0,563,0,1,1,0,2,596
10F,0,10,16,4,1,31,121,299,203,9,632,1,6,1,0,8,671
10G,0,10,18,10,0,38,94,506,238,0,838,3,3,0,0,6,882
10H1,0,3,2,1,2,8,23,154,81,1,259,2,1,0,1,4,271
10H2,0,14,24,12,0,50,163,556,349,0,1068,3,1,2,0,6,1124
10I,0,4,6,0,0,10,13,159,92,0,264,0,0,0,0,0,274
10J,0,10,6,7,0,23,146,190,128,7,471,3,1,1,0,5,499
10K,0,13,30,4,0,47,97,556,310,4,967,5,5,3,0,13,1027
10M,0,14,31,24,0,69,232,849,429,7,1517,11,6,3,1,21,1607
10P,0,11,11,7,0,29,140,332,241,1,714,0,2,1,0,3,746
10R,0,6,13,2,0,21,96,192,84,3,375,2,2,0,0,4,400
11B,0,19,33,20,0,72,331,1342,853,2,2528,2,6,1,0,9,2609
11B1,0,12,10,2,0,24,66,289,28,0,383,0,1,0,0,1,408
11C,0,13,31,9,0,53,156,1333,589,1,2079,1,13,1,0,15,2147
11E1,0,17,13,4,0,34,110,392,165,4,671,2,1,2,0,5,710
11E2,0,10,10,4,0,24,73,344,160,0,577,0,1,2,0,3,604
11E3,0,19,35,7,0,61,260,1353,352,1,1966,6,6,1,0,13,2040
11G,0,8,26,14,0,48,114,495,323,10,942,2,1,1,0,4,994
11H,0,9,8,8,0,25,46,182,135,0,363,2,2,1,0,5,393
11J,0,17,14,5,0,36,174,520,347,0,1041,2,6,1,0,9,1086
11K,0,13,25,10,0,48,132,621,397,2,1152,5,3,4,0,12,1212
11M,0,13,12,6,0,31,95,567,363,3,1028,0,2,0,0,2,1061
11M1,0,11,26,1,0,38,132,520,54,4,710,3,6,0,0,9,757
11N,0,18,28,22,0,68,182,807,444,2,1435,4,5,3,0,12,1515
11P,0,7,20,11,1,39,128,546,395,10,1079,2,2,3,0,7,1125
11R,0,8,22,6,1,37,118,449,235,4,806,2,4,2,0,8,851
12A,0,44,96,35,3,178,272,1606,758,17,2653,4,23,7,1,35,2866
12A1,0,8,8,4,0,20,35,305,20,6,366,4,6,0,1,11,397
12D,0,10,15,5,0,30,98,344,141,2,585,3,6,0,0,9,624
12E1,0,9,25,29,0,63,122,297,246,2,667,0,1,2,0,3,733
12F,0,10,15,4,0,29,108,293,92,2,495,2,4,0,0,6,530
12G,0,4,8,13,0,25,58,186,184,1,429,0,0,0,0,0,454
12H1,0,10,12,8,0,30,91,168,73,8,340,3,2,1,0,6,376
12H2,0,13,20,10,0,43,276,696,400,0,1372,8,2,1,0,11,1426
12I,0,8,8,2,2,20,54,242,155,27,478,2,1,1,1,5,503
12J,0,27,37,12,2,78,243,703,342,11,1299,4,3,7,1,15,1392
12K,0,10,59,24,0,93,122,938,371,0,1431,5,11,6,0,22,1546
12L,0,2,10,4,1,17,57,137,71,1,266,1,0,0,0,1,284
12M,0,35,22,8,0,65,345,634,312,12,1303,5,8,3,0,16,1384
12N,0,3,7,5,0,15,52,214,83,4,353,0,3,1,0,4,372
12S,0,14,16,9,0,39,162,570,245,0,977,1,5,3,0,9,1025
AP01A,0,178,1274,410,0,1862,117,1266,808,1,2192,11,24,15,0,50,4104
AP01B,0,36,255,91,2,384,33,282,155,3,473,4,12,3,2,21,878
AP01C,0,81,646,145,0,872,58,564,351,0,973,4,22,11,0,37,1882
AP01D,0,31,183,64,0,278,35,218,139,0,392,4,8,7,0,19,689
AP021,0,164,878,224,0,1266,105,821,360,0,1286,8,19,10,0,37,2589
AP022,0,88,504,186,0,778,100,517,383,0,1000,2,9,7,0,18,1796
AP02B,0,30,87,81,4,202,9,134,133,3,279,1,3,2,0,6,487
AP03,0,31,56,13,0,100,73,187,60,1,321,1,0,2,1,4,425
AP04A,0,74,485,200,1,760,46,369,239,0,654,7,11,12,0,30,1444
AP04B,0,38,142,23,0,203,9,119,61,0,189,1,3,1,0,5,397
AP05,0,271,1184,398,1,1854,105,1083,729,6,1923,7,19,12,0,38,3815
AP06,0,118,612,148,0,878,41,399,248,0,688,3,11,6,0,20,1586
AP07A,0,178,887,291,1,1357,125,821,508,2,1456,8,16,9,0,33,2846
AP07B,0,59,499,167,1,726,47,458,241,1,747,1,9,1,0,11,1484
AP09A,0,203,983,315,3,1504,144,1096,688,4,1932,16,15,14,0,45,3481
AP09B,0,32,162,44,0,238,26,252,172,0,450,3,9,3,0,15,703
AP10,0,46,323,84,15,468,25,190,110,10,335,3,6,5,0,14,817
AP12A,0,29,116,37,3,185,39,180,86,3,308,0,6,0,0,6,499
AP12B,0,30,98,68,2,198,48,224,131,2,405,2,5,1,0,8,611
AP12C,0,96,670,179,4,949,63,492,228,4,787,4,9,1,0,14,1750
AP14,0,98,825,233,2,1158,74,776,564,1,1415,5,20,11,0,36,2609
CH01,0,14,26,17,1,58,9,92,37,1,139,0,3,1,0,4,201
CH02,0,34,68,37,0,139,14,43,32,0,89,1,2,0,0,3,231
CH03,0,54,103,36,0,193,13,57,23,0,93,1,0,1,0,2,288
CH04A,0,45,182,59,0,286,16,196,102,0,314,2,3,2,0,7,607
CH05,0,47,121,51,0,219,8,37,36,0,81,0,1,2,0,3,303
CP011,0,23,89,27,1,140,76,368,157,3,604,7,8,3,0,18,762
CP012,0,8,108,26,1,143,79,491,208,4,782,5,4,5,0,14,939
CP01B,0,6,45,13,0,64,20,123,43,1,187,2,3,1,0,6,257
CP02,0,17,45,18,0,80,69,350,165,0,584,5,6,2,0,13,677
CP04A,0,0,1,1,0,2,0,2,0,0,2,0,0,0,0,0,4
CP04B,0,0,1,2,0,3,2,7,7,0,16,0,0,0,0,0,19
CP051,0,11,24,8,0,43,140,524,255,0,919,2,4,1,0,7,969
CP05B,0,2,2,1,0,5,18,40,10,4,72,0,0,0,0,0,77
CP06A,0,4,6,3,0,13,48,129,36,0,213,3,2,1,0,6,232
CP07B,0,0,1,0,0,1,2,1,0,0,3,0,0,0,0,0,4
CP07C,0,0,1,0,0,1,18,43,10,0,71,0,1,0,0,1,73
CP07D,0,4,4,3,0,11,60,128,37,0,225,0,3,2,0,5,241
CP07E,0,0,1,0,0,1,19,19,3,0,41,0,0,0,0,0,42
CP07F,0,0,2,1,0,3,23,35,3,0,61,0,0,0,0,0,64
CP081,0,6,1,0,0,7,31,54,16,4,105,0,1,0,0,1,113
CP083,0,0,0,0,0,0,13,20,3,0,36,0,1,0,0,1,37
CP084,0,0,0,0,0,0,0,0,0,0,0,0,0,0,0,0,0
CP08A,0,5,1,0,0,6,62,85,29,0,176,1,0,0,0,1,183
EP01A,0,13,95,40,0,148,48,936,336,12,1332,0,13,2,0,15,1495
EP01B,0,32,79,34,0,145,194,930,454,7,1585,5,8,5,0,18,1748
EP02A,0,12,37,18,1,68,157,550,316,4,1027,1,0,1,0,2,1097
EP02B,0,19,98,37,0,154,82,611,287,1,981,4,3,6,0,13,1148
EP02C,0,7,28,13,0,48,14,181,64,0,259,1,2,2,0,5,312
EP02D,0,3,6,3,0,12,29,154,49,0,232,0,1,0,0,1,245
EP02E,0,6,34,11,0,51,103,425,165,0,693,3,8,3,0,14,758
EP03A,0,48,75,54,0,177,291,1540,830,0,2661,5,17,2,0,24,2862
EP03B,0,9,42,10,0,61,69,594,350,4,1017,2,3,1,0,6,1084
EP04A,0,30,42,27,0,99,442,1328,677,6,2453,8,11,2,0,21,2573
EP04B,0,13,32,10,0,55,147,1058,277,0,1482,0,5,3,0,8,1545
EP04C,0,0,14,1,0,15,0,394,42,1,437,0,1,0,0,1,453
FA01A,0,51,175,72,0,298,213,1385,605,15,2218,5,7,6,0,18,2534
FA01B,0,4,234,105,1,344,27,2204,835,7,3073,1,15,5,1,22,3439
FA01C,0,6,20,6,0,32,59,278,106,1,444,0,6,3,0,9,485
FA01D,0,2,9,2,3,16,19,116,6,10,151,0,0,0,1,1,168
FC01,0,4,4,2,0,10,20,126,26,1,173,0,1,0,0,1,184
FC02,0,6,5,3,0,14,11,26,6,3,46,0,0,0,0,0,60
FC03,0,0,1,0,0,1,1,6,0,7,14,0,0,0,0,0,15
HP01,0,154,301,100,1,556,270,894,446,6,1616,7,11,8,0,26,2198
JC01,0,192,729,271,4,1196,135,1130,967,6,2238,6,11,9,1,27,3461
JC01A,0,100,235,38,3,376,80,465,116,3,664,1,2,1,0,4,1044
JC02,0,132,529,234,1,896,104,657,541,4,1306,4,6,7,0,17,2219
JC03A,0,34,136,26,2,198,16,201,63,3,283,0,3,2,0,5,486
JC03B,0,81,299,65,0,445,70,440,267,0,777,3,14,4,0,21,1243
JC04A,0,92,771,197,1,1061,49,904,560,0,1513,0,14,6,0,20,2594
JC04B,0,9,49,22,0,80,4,96,49,0,149,1,0,0,0,1,230
JC04C,0,43,264,54,0,361,22,348,224,0,594,2,8,11,0,21,976
JC05,0,100,491,107,2,700,63,661,328,1,1053,7,12,10,0,29,1782
JC06,0,153,581,229,4,967,121,551,418,3,1093,10,8,5,0,23,2083
JC07,0,146,922,315,19,1402,104,1174,852,13,2143,8,14,16,0,38,3583
JC08,0,111,718,183,0,1012,73,758,431,4,1266,4,15,9,0,28,2306
JC09,0,133,618,192,4,947,111,828,485,2,1426,12,15,4,0,31,2404
JC10,0,111,445,159,6,721,88,712,436,5,1241,5,15,6,0,26,1988
JC11,0,177,920,267,0,1364,104,744,466,0,1314,11,13,9,0,33,2711
JC12,0,99,888,338,3,1328,35,467,402,2,906,1,17,8,0,26,2260
JC13A,0,89,769,208,0,1066,46,437,284,0,767,2,9,2,0,13,1846
JC13B,0,8,115,32,0,155,2,45,29,0,76,0,2,1,0,3,234
JC14,0,83,771,185,1,1040,57,625,358,2,1042,1,12,8,0,21,2103
JC15,0,34,185,47,0,266,35,277,118,0,430,3,4,3,0,10,706
JC16,0,132,683,161,0,976,62,662,382,0,1106,6,15,6,0,27,2109
JC18,0,86,848,216,0,1150,62,684,398,0,1144,7,17,10,0,34,2328
JC19,0,120,987,250,3,1360,96,1030,659,4,1789,9,33,17,0,59,3208
ML01A,0,141,885,189,3,1218,68,688,309,3,1068,7,19,10,2,38,2324
ML01B,0,42,238,66,0,346,10,121,75,0,206,0,3,4,0,7,559
ML02A,0,231,929,234,1,1395,80,329,270,0,679,9,11,8,0,28,2102
ML02B,0,130,632,197,1,960,52,323,192,1,568,5,13,8,0,26,1554
ML03,0,240,1270,387,3,1900,90,635,387,2,1114,14,15,6,0,35,3049
ML03A,0,15,114,15,1,145,4,48,11,0,63,0,1,0,0,1,209
ML04,0,207,1024,325,7,1563,74,626,364,5,1069,6,13,9,0,28,2660
ML05,0,176,1170,359,6,1711,99,1051,676,2,1828,5,18,4,0,27,3566
ML06A,0,101,256,84,2,443,98,597,241,1,937,4,8,5,0,17,1397
ML06B,0,29,506,138,1,674,24,821,476,2,1323,1,17,5,0,23,2020
ML07A,0,120,218,73,0,411,23,133,79,0,235,1,2,6,0,9,655
ML07B,0,217,471,153,0,841,54,262,159,1,476,1,9,5,0,15,1332
MP01,0,121,34,21,3,179,91,37,59,2,189,5,0,2,0,7,375
PA01,0,55,198,126,3,382,172,743,339,11,1265,3,17,5,0,25,1672
RW01,0,193,1455,619,5,2272,88,1003,833,2,1926,11,23,15,1,50,4248
RW02,0,212,979,324,6,1521,118,928,684,3,1733,24,28,18,0,70,3324
RW03,0,232,834,272,2,1340,210,1128,692,4,2034,13,20,10,0,43,3417
RW04,0,65,454,131,0,650,36,504,342,0,882,2,11,7,0,20,1552
RW05,0,111,368,133,0,612,190,665,354,6,1215,4,11,12,1,28,1855
RW06,0,151,630,153,0,934,91,804,431,3,1329,10,22,11,0,43,2306
RW07A,0,49,78,18,0,145,188,407,157,0,752,3,11,1,0,15,912
RW07B,0,20,35,13,5,73,45,85,59,6,195,7,2,0,0,9,277
RW08,0,145,554,303,0,1002,67,387,365,0,819,4,8,14,0,26,1847
RW09,0,262,1362,603,0,2227,86,775,777,0,1638,18,15,19,0,52,3917
RW09A,0,122,617,56,0,795,42,361,86,0,489,7,10,2,0,19,1303
RW10,0,182,1028,384,1,1595,57,742,541,1,1341,14,26,15,0,55,2991
RW11A,0,135,553,207,2,897,114,590,444,3,1151,5,17,4,0,26,2074
RW12,0,275,1087,485,1,1848,100,799,822,2,1723,12,20,17,0,49,3620
RW12A,0,129,606,79,0,814,79,531,111,0,721,4,15,3,0,22,1557
RW13,0,200,870,254,1,1325,142,943,494,0,1579,14,26,17,0,57,2961
RW16,0,117,567,170,0,854,50,472,278,0,800,4,13,8,0,25,1679
RW17,0,148,484,131,1,764,154,792,400,2,1348,11,31,11,0,53,2165
RW19,0,115,650,184,0,949,54,449,296,1,800,12,12,6,0,30,1779
RW20,0,75,750,214,0,1039,52,694,371,0,1117,4,21,4,0,29,2185
RW21,0,89,1032,289,5,1415,77,690,409,7,1183,5,23,11,0,39,2637
RW22A,0,143,726,221,0,1090,200,1309,524,0,2033,5,33,12,0,50,3173
SC01A,0,0,3,0,0,3,2,41,7,0,50,0,0,0,0,0,53
SC01B,0,11,25,11,0,47,115,1125,296,4,1540,2,2,3,0,7,1594
SC01C,0,5,34,19,0,58,83,1051,456,0,1590,1,7,2,0,10,1658
SC02,0,1,26,6,0,33,40,712,274,0,1026,1,3,1,0,5,1064
SC04,0,60,93,40,0,193,62,303,144,1,510,1,5,1,0,7,710
SC05A,0,4,9,3,0,16,53,311,87,4,455,2,1,0,0,3,474
SC05B,0,15,52,24,0,91,175,1761,498,4,2438,1,11,4,0,16,2545
SC05D,0,12,50,17,0,79,176,1284,364,1,1825,3,5,1,0,9,1913
SC05E,0,10,34,30,0,74,36,241,119,1,397,0,3,0,0,3,474
SC07A,0,48,213,93,0,354,218,1761,1015,8,3002,1,10,15,0,26,3382
SC07C,0,0,0,1,0,1,1,8,2,0,11,0,1,0,0,1,13
SC07D,0,8,33,7,0,48,130,834,87,0,1051,4,6,0,0,10,1109
SC08B,0,29,53,40,0,122,250,1537,641,4,2432,8,8,3,0,19,2573
SC08C,0,0,0,0,0,0,6,47,18,0,71,0,0,0,0,0,71
SC08D,0,0,7,4,0,11,38,229,78,0,345,2,3,0,0,5,361
SC08E,0,3,13,1,0,17,53,291,65,2,411,4,5,0,0,9,437
SC08F,0,8,5,1,0,14,36,283,100,0,419,0,4,0,0,4,437
SC08G,0,0,0,0,0,0,0,3,0,0,3,0,0,0,0,0,3
SC08H,0,0,0,0,0,0,0,0,0,0,0,0,0,0,0,0,0
SC09A,0,5,30,11,0,46,179,522,227,5,933,3,5,1,0,9,988
SC09B,0,15,21,9,1,46,111,718,368,3,1200,6,4,1,0,11,1257
SC09C,0,22,20,11,0,53,165,535,297,0,997,8,3,1,0,12,1062
SC10,0,19,16,12,2,49,144,429,186,8,767,1,3,1,0,5,821
SC11A,0,10,21,10,0,41,140,534,262,0,936,1,2,2,0,5,982
SC11B,0,13,29,9,0,51,109,529,314,0,952,1,4,3,0,8,1011
SC13,0,21,75,15,0,111,157,1314,421,2,1894,3,5,3,0,11,2016
SC14A,0,8,22,1,0,31,60,310,104,0,474,1,4,1,0,6,511
SC15,0,28,92,56,0,176,251,1971,817,2,3041,6,6,6,0,18,3235
SC15A,0,11,27,2,0,40,133,1298,113,0,1544,1,2,0,0,3,1587
SC16A,0,31,54,23,0,108,273,2440,881,0,3594,4,10,3,0,17,3719
SC17A,0,0,0,1,0,1,1,32,10,0,43,0,0,0,0,0,44
SC17B,0,0,1,0,0,1,0,1,0,2,3,0,0,0,0,0,4
SC17C,0,12,24,9,0,45,61,486,185,0,732,1,4,3,0,8,785
SC18A,0,4,8,1,0,13,39,220,121,0,380,0,2,1,0,3,396
SC18B,0,2,13,9,0,24,41,455,157,0,653,0,3,0,0,3,680
SC18C,0,9,41,22,0,72,74,1005,426,0,1505,3,1,1,0,5,1582
SC19A,0,1,2,4,0,7,4,84,43,0,131,0,1,0,0,1,139
SC19B,0,8,16,13,0,37,131,428,217,7,783,3,3,2,0,8,828
SC20,0,5,38,8,0,51,106,1463,368,7,1944,3,9,1,1,14,2009
SC211,0,8,39,15,0,62,98,818,294,0,1210,2,1,6,0,9,1281
SC212,0,25,98,52,1,176,246,1683,594,8,2531,6,20,5,0,31,2738
SC23A,0,27,41,21,1,90,324,1118,632,7,2081,3,7,7,0,17,2188
SC23B,0,5,6,11,0,22,52,169,111,1,333,0,1,1,0,2,357
SC23C,0,19,37,12,0,68,198,864,401,2,1465,2,3,2,0,7,1540
SC27,0,15,28,19,0,62,148,721,470,0,1339,1,5,4,0,10,1411
SC29A,0,17,45,12,0,74,266,945,555,6,1772,5,6,5,0,16,1862
SC30A,0,1,4,0,1,6,3,42,62,6,113,1,0,0,0,1,120
SC30B,0,7,11,4,0,22,53,365,156,0,574,3,2,1,0,6,602
SS01,0,235,1310,491,0,2036,71,930,799,1,1801,6,22,23,0,51,3888
SS02A,0,28,214,89,0,331,32,319,207,0,558,7,7,6,0,20,909
SS02B,0,34,145,49,0,228,44,429,207,0,680,2,7,5,0,14,922
SS03,0,68,306,96,2,472,47,439,253,1,740,6,7,7,0,20,1232
SS04,0,134,536,216,0,886,150,1051,584,5,1790,5,17,13,0,35,2711
SS05,0,93,431,164,0,688,38,484,341,0,863,5,11,8,0,24,1575
SS06,0,51,401,147,0,599,38,413,288,0,739,2,7,7,0,16,1354
SS07A,0,30,268,172,0,470,21,297,209,0,527,2,5,1,0,8,1005
SS07B,0,20,117,58,0,195,35,212,122,0,369,1,3,0,0,4,568
SS07C,0,16,128,81,0,225,16,120,151,0,287,4,3,3,0,10,522
SS08A,0,85,223,64,8,380,99,582,222,8,911,5,13,7,1,26,1317
SS08B,0,16,168,68,0,252,17,159,132,0,308,0,2,1,0,3,563
SS08C,0,22,93,37,0,152,18,199,128,0,345,1,4,2,0,7,504
SS08D,0,45,191,74,0,310,56,430,231,0,717,3,10,3,0,16,1043
SS09A,0,167,756,350,0,1273,65,637,598,0,1300,5,15,14,0,34,2607
SS09B,0,121,928,347,0,1396,57,843,642,0,1542,3,13,9,0,25,2963
SS11A,0,138,563,230,0,931,204,1039,533,2,1778,13,27,7,0,47,2756
SS11B,0,34,158,43,0,235,88,365,200,1,654,3,5,2,0,10,899
SS11C,0,6,22,5,0,33,28,104,28,0,160,0,4,1,0,5,198
SS11D,0,21,93,30,0,144,6,93,73,0,172,0,4,4,0,8,324
SS12,0,116,565,256,1,938,76,713,504,1,1294,7,7,6,0,20,2252
SS13A,0,90,432,128,0,650,85,493,274,0,852,1,15,6,0,22,1524
SS13B,0,43,271,54,0,368,51,346,142,0,539,4,7,3,0,14,921
SS14,0,77,457,130,0,664,19,285,196,0,500,3,3,6,0,12,1176
SS15A,0,66,134,37,1,238,211,786,272,4,1273,4,9,4,1,18,1529
SS15B,0,86,198,60,0,344,122,448,185,1,756,9,11,5,1,26,1126
SS16,0,93,532,204,0,829,29,451,420,0,900,6,12,14,0,32,1761
SS17,0,191,757,299,3,1250,155,801,506,6,1468,3,11,10,0,24,2742
SS18A,0,37,151,59,0,247,14,160,123,0,297,1,4,2,0,7,551
SS18B,0,13,61,24,0,98,2,55,42,0,99,0,0,1,0,1,198
SS19A,0,60,335,92,2,489,149,981,393,1,1524,9,19,11,0,39,2052
SS19B,0,49,278,84,0,411,93,734,317,0,1144,4,13,9,0,26,1581
SS20,0,63,295,87,1,446,128,586,336,0,1050,4,8,11,0,23,1519
SS22,0,101,374,214,0,689,121,547,410,0,1078,3,11,5,0,19,1786
SS26,0,51,254,73,0,378,223,1182,375,2,1782,9,25,3,0,37,2197
SS29A,0,127,416,179,0,722,96,787,430,0,1313,6,15,4,0,25,2060
SS31,0,50,336,118,0,504,49,434,294,0,777,2,9,7,0,18,1299
UC01A,0,33,66,19,2,120,306,1194,347,7,1854,4,12,2,0,18,1992
UC01B,0,4,7,0,0,11,42,139,31,1,213,2,0,0,0,2,226
UC01D,0,0,0,0,0,0,0,0,0,0,0,0,0,0,0,0,0
UC01E,0,4,9,6,0,19,40,264,69,0,373,1,1,0,0,2,394
UC02A,0,34,88,56,1,179,303,2173,1151,8,3635,6,9,5,0,20,3834
UC02B,0,1,4,0,0,5,2,10,3,0,15,0,0,0,0,0,20
UC02C,0,21,79,18,0,118,135,1220,126,4,1485,5,6,3,1,15,1618
UC031,0,29,97,135,0,261,150,635,413,9,1207,1,9,7,0,17,1485
UC032,0,6,15,16,0,37,18,132,79,0,229,2,1,0,0,3,269
Total:,0,19239,87069,29479,353,136140,37104,223508,115788,1084,377484,1421,2994,1727,38,6180,519804
